step,total_calls,failed_calls,ratio,avg_latency_ms,hint_source
1,4,0,0.0,0.0,expert
2,9,0,0.0,0.0,expert
3,10,0,0.0,0.0,expert
4,11,0,0.0,0.0,expert
5,12,0,0.0,0.0,expert
6,13,0,0.0,0.0,expert
7,15,0,0.0,0.0,expert
8,16,0,0.0,0.0,expert
9,17,0,0.0,0.0,expert
10,19,0,0.0,0.0,expert
11,24,0,0.0,0.0,expert
12,27,0,0.0,0.0,expert
13,32,0,0.0,0.0,expert
14,34,0,0.0,0.0,expert
15,36,0,0.0,0.0,expert
16,39,0,0.0,0.0,expert
17,43,0,0.0,0.0,expert
18,44,0,0.0,0.0,expert
19,45,0,0.0,0.0,expert
20,46,0,0.0,0.0,expert
21,47,0,0.0,0.0,expert
22,51,0,0.0,0.0,expert
23,52,0,0.0,0.0,expert
24,53,0,0.0,0.0,expert
25,55,0,0.0,0.0,expert
26,59,0,0.0,0.0,expert
27,61,0,0.0,0.0,expert
28,65,0,0.0,0.0,expert
29,68,0,0.0,0.0,expert
30,69,0,0.0,0.0,expert
31,73,0,0.0,0.0,expert
32,74,0,0.0,0.0,expert
33,75,0,0.0,0.0,expert
34,80,0,0.0,0.0,expert
35,81,0,0.0,0.0,expert
36,82,0,0.0,0.0,expert
37,83,0,0.0,0.0,expert
38,84,0,0.0,0.0,expert
39,85,0,0.0,0.0,expert
40,86,0,0.0,0.0,expert
41,89,0,0.0,0.0,expert
42,91,0,0.0,0.0,expert
43,92,0,0.0,0.0,expert
44,95,0,0.0,0.0,expert
45,97,0,0.0,0.0,expert
46,98,0,0.0,0.0,expert
47,99,0,0.0,0.0,expert
48,102,0,0.0,0.0,expert
49,103,0,0.0,0.0,expert
50,104,0,0.0,0.0,expert
51,105,0,0.0,0.0,expert
52,106,0,0.0,0.0,expert
53,107,0,0.0,0.0,expert
54,108,0,0.0,0.0,expert
55,112,0,0.0,0.0,expert
56,114,0,0.0,0.0,expert
57,116,0,0.0,0.0,expert
58,119,0,0.0,0.0,expert
59,120,0,0.0,0.0,expert
60,125,0,0.0,0.0,expert
61,126,0,0.0,0.0,expert
62,127,0,0.0,0.0,expert
63,128,0,0.0,0.0,expert
64,129,0,0.0,0.0,expert
65,130,0,0.0,0.0,expert
66,131,0,0.0,0.0,expert
67,132,0,0.0,0.0,expert
68,133,0,0.0,0.0,expert
69,135,0,0.0,0.0,expert
70,136,0,0.0,0.0,expert
71,137,0,0.0,0.0,expert
72,138,0,0.0,0.0,expert
73,139,0,0.0,0.0,expert
74,140,0,0.0,0.0,expert
75,141,0,0.0,0.0,expert
76,142,0,0.0,0.0,expert
77,143,0,0.0,0.0,expert
78,144,0,0.0,0.0,expert
79,145,0,0.0,0.0,expert
80,146,0,0.0,0.0,expert
81,148,0,0.0,0.0,expert
82,152,0,0.0,0.0,expert
83,153,0,0.0,0.0,expert
84,154,0,0.0,0.0,expert
85,155,0,0.0,0.0,expert
86,157,0,0.0,0.0,expert
87,159,0,0.0,0.0,expert
88,162,0,0.0,0.0,expert
89,164,0,0.0,0.0,expert
90,165,0,0.0,0.0,expert
91,167,0,0.0,0.0,expert
92,169,0,0.0,0.0,expert
93,171,0,0.0,0.0,expert
94,173,0,0.0,0.0,expert
95,175,0,0.0,0.0,expert
96,178,0,0.0,0.0,expert
97,179,0,0.0,0.0,expert
98,181,0,0.0,0.0,expert
99,182,0,0.0,0.0,expert
100,185,0,0.0,0.0,expert
101,186,0,0.0,0.0,expert
102,187,0,0.0,0.0,expert
103,189,0,0.0,0.0,expert
104,191,0,0.0,0.0,expert
105,192,0,0.0,0.0,expert
106,195,0,0.0,0.0,expert
107,196,0,0.0,0.0,expert
108,197,0,0.0,0.0,expert
109,198,0,0.0,0.0,expert
110,199,0,0.0,0.0,expert
111,201,0,0.0,0.0,expert
112,202,0,0.0,0.0,expert
113,204,0,0.0,0.0,expert
114,205,0,0.0,0.0,expert
115,206,0,0.0,0.0,expert
116,207,0,0.0,0.0,expert
117,208,0,0.0,0.0,expert
118,209,0,0.0,0.0,expert
119,210,0,0.0,0.0,expert
120,211,0,0.0,0.0,expert
121,212,0,0.0,0.0,expert
122,213,0,0.0,0.0,expert
123,215,0,0.0,0.0,expert
124,217,0,0.0,0.0,expert
125,218,0,0.0,0.0,expert
126,219,0,0.0,0.0,expert
127,220,0,0.0,0.0,expert
128,221,0,0.0,0.0,expert
129,222,0,0.0,0.0,expert
130,223,0,0.0,0.0,expert
131,225,0,0.0,0.0,expert
132,226,0,0.0,0.0,expert
133,227,0,0.0,0.0,expert
134,228,0,0.0,0.0,expert
135,229,0,0.0,0.0,expert
136,230,0,0.0,0.0,expert
137,231,0,0.0,0.0,expert
138,232,0,0.0,0.0,expert
139,233,0,0.0,0.0,expert
140,237,0,0.0,0.0,expert
141,238,0,0.0,0.0,expert
142,239,0,0.0,0.0,expert
143,240,0,0.0,0.0,expert
144,241,0,0.0,0.0,expert
145,243,0,0.0,0.0,expert
146,244,0,0.0,0.0,expert
147,245,0,0.0,0.0,expert
148,246,0,0.0,0.0,expert
149,247,0,0.0,0.0,expert
150,248,0,0.0,0.0,expert
151,249,0,0.0,0.0,expert
152,250,0,0.0,0.0,expert
153,251,0,0.0,0.0,expert
154,252,0,0.0,0.0,expert
155,253,0,0.0,0.0,expert
156,254,0,0.0,0.0,expert
157,255,0,0.0,0.0,expert
158,256,0,0.0,0.0,expert
159,257,0,0.0,0.0,expert
160,258,0,0.0,0.0,expert
161,259,0,0.0,0.0,expert
162,261,0,0.0,0.0,expert
163,262,0,0.0,0.0,expert
164,263,0,0.0,0.0,expert
165,264,0,0.0,0.0,expert
166,265,0,0.0,0.0,expert
167,266,0,0.0,0.0,expert
168,267,0,0.0,0.0,expert
169,268,0,0.0,0.0,expert
170,269,0,0.0,0.0,expert
171,270,0,0.0,0.0,expert
172,272,0,0.0,0.0,expert
173,273,0,0.0,0.0,expert
174,274,0,0.0,0.0,expert
175,275,0,0.0,0.0,expert
176,276,0,0.0,0.0,expert
177,277,0,0.0,0.0,expert
178,278,0,0.0,0.0,expert
179,279,0,0.0,0.0,expert
180,280,0,0.0,0.0,expert
181,282,0,0.0,0.0,expert
182,283,0,0.0,0.0,expert
183,284,0,0.0,0.0,expert
184,285,0,0.0,0.0,expert
185,286,0,0.0,0.0,expert
186,287,0,0.0,0.0,expert
187,288,0,0.0,0.0,expert
188,289,0,0.0,0.0,expert
189,290,0,0.0,0.0,expert
190,291,0,0.0,0.0,expert
191,292,0,0.0,0.0,expert
192,293,0,0.0,0.0,expert
193,294,0,0.0,0.0,expert
194,295,0,0.0,0.0,expert
195,296,0,0.0,0.0,expert
196,297,0,0.0,0.0,expert
197,298,0,0.0,0.0,expert
198,299,0,0.0,0.0,expert
199,300,0,0.0,0.0,expert
200,301,0,0.0,0.0,expert
201,302,0,0.0,0.0,expert
202,303,0,0.0,0.0,expert
203,304,0,0.0,0.0,expert
204,305,0,0.0,0.0,expert
205,306,0,0.0,0.0,expert
206,307,0,0.0,0.0,expert
207,308,0,0.0,0.0,expert
208,309,0,0.0,0.0,expert
209,310,0,0.0,0.0,expert
210,311,0,0.0,0.0,expert
211,313,0,0.0,0.0,expert
212,314,0,0.0,0.0,expert
213,315,0,0.0,0.0,expert
214,316,0,0.0,0.0,expert
215,317,0,0.0,0.0,expert
216,318,0,0.0,0.0,expert
217,319,0,0.0,0.0,expert
218,320,0,0.0,0.0,expert
219,321,0,0.0,0.0,expert
220,322,0,0.0,0.0,expert
221,323,0,0.0,0.0,expert
222,324,0,0.0,0.0,expert
223,325,0,0.0,0.0,expert
224,326,0,0.0,0.0,expert
225,327,0,0.0,0.0,expert
226,328,0,0.0,0.0,expert
227,329,0,0.0,0.0,expert
228,330,0,0.0,0.0,expert
229,331,0,0.0,0.0,expert
230,332,0,0.0,0.0,expert
231,333,0,0.0,0.0,expert
232,334,0,0.0,0.0,expert
233,335,0,0.0,0.0,expert
234,336,0,0.0,0.0,expert
235,337,0,0.0,0.0,expert
236,338,0,0.0,0.0,expert
237,339,0,0.0,0.0,expert
238,340,0,0.0,0.0,expert
239,341,0,0.0,0.0,expert
240,342,0,0.0,0.0,expert
241,343,0,0.0,0.0,expert
242,344,0,0.0,0.0,expert
243,345,0,0.0,0.0,expert
244,346,0,0.0,0.0,expert
245,347,0,0.0,0.0,expert
246,348,0,0.0,0.0,expert
247,349,0,0.0,0.0,expert
248,350,0,0.0,0.0,expert
249,351,0,0.0,0.0,expert
250,352,0,0.0,0.0,expert
251,353,0,0.0,0.0,expert
252,354,0,0.0,0.0,expert
253,355,0,0.0,0.0,expert
254,356,0,0.0,0.0,expert
255,357,0,0.0,0.0,expert
256,358,0,0.0,0.0,expert
257,359,0,0.0,0.0,expert
258,361,0,0.0,0.0,expert
259,362,0,0.0,0.0,expert
260,363,0,0.0,0.0,expert
261,364,0,0.0,0.0,expert
262,365,0,0.0,0.0,expert
263,366,0,0.0,0.0,expert
264,367,0,0.0,0.0,expert
265,368,0,0.0,0.0,expert
266,369,0,0.0,0.0,expert
267,370,0,0.0,0.0,expert
268,371,0,0.0,0.0,expert
269,372,0,0.0,0.0,expert
270,373,0,0.0,0.0,expert
271,375,0,0.0,0.0,expert
272,376,0,0.0,0.0,expert
273,377,0,0.0,0.0,expert
274,378,0,0.0,0.0,expert
275,379,0,0.0,0.0,expert
276,380,0,0.0,0.0,expert
277,381,0,0.0,0.0,expert
278,382,0,0.0,0.0,expert
279,383,0,0.0,0.0,expert
280,384,0,0.0,0.0,expert
281,385,0,0.0,0.0,expert
282,386,0,0.0,0.0,expert
283,387,0,0.0,0.0,expert
284,388,0,0.0,0.0,expert
285,389,0,0.0,0.0,expert
286,390,0,0.0,0.0,expert
287,391,0,0.0,0.0,expert
288,392,0,0.0,0.0,expert
289,393,0,0.0,0.0,expert
290,394,0,0.0,0.0,expert
291,395,0,0.0,0.0,expert
292,396,0,0.0,0.0,expert
293,397,0,0.0,0.0,expert
294,398,0,0.0,0.0,expert
295,399,0,0.0,0.0,expert
296,400,0,0.0,0.0,expert
297,401,0,0.0,0.0,expert
298,402,0,0.0,0.0,expert
299,403,0,0.0,0.0,expert
300,404,0,0.0,0.0,expert
301,406,0,0.0,0.0,expert
302,407,0,0.0,0.0,expert
303,408,0,0.0,0.0,expert
304,409,0,0.0,0.0,expert
305,410,0,0.0,0.0,expert
306,411,0,0.0,0.0,expert
307,412,0,0.0,0.0,expert
308,413,0,0.0,0.0,expert
309,415,0,0.0,0.0,expert
310,416,0,0.0,0.0,expert
311,417,0,0.0,0.0,expert
312,418,0,0.0,0.0,expert
313,419,0,0.0,0.0,expert
314,420,0,0.0,0.0,expert
315,421,0,0.0,0.0,expert
316,422,0,0.0,0.0,expert
317,423,0,0.0,0.0,expert
318,424,0,0.0,0.0,expert
319,425,0,0.0,0.0,expert
320,426,0,0.0,0.0,expert
321,427,0,0.0,0.0,expert
322,428,0,0.0,0.0,expert
323,429,0,0.0,0.0,expert
324,430,0,0.0,0.0,expert
325,431,0,0.0,0.0,expert
326,432,0,0.0,0.0,expert
327,433,0,0.0,0.0,expert
328,434,0,0.0,0.0,expert
329,435,0,0.0,0.0,expert
330,436,0,0.0,0.0,expert
331,437,0,0.0,0.0,expert
332,439,0,0.0,0.0,expert
333,440,0,0.0,0.0,expert
334,441,0,0.0,0.0,expert
335,442,0,0.0,0.0,expert
336,443,0,0.0,0.0,expert
337,444,0,0.0,0.0,expert
338,445,0,0.0,0.0,expert
339,446,0,0.0,0.0,expert
340,447,0,0.0,0.0,expert
341,448,0,0.0,0.0,expert
342,449,0,0.0,0.0,expert
343,450,0,0.0,0.0,expert
344,451,0,0.0,0.0,expert
345,452,0,0.0,0.0,expert
346,453,0,0.0,0.0,expert
347,454,0,0.0,0.0,expert
348,455,0,0.0,0.0,expert
349,456,0,0.0,0.0,expert
350,457,0,0.0,0.0,expert
351,458,0,0.0,0.0,expert
352,459,0,0.0,0.0,expert
353,460,0,0.0,0.0,expert
354,461,0,0.0,0.0,expert
355,462,0,0.0,0.0,expert
356,463,0,0.0,0.0,expert
357,464,0,0.0,0.0,expert
358,465,0,0.0,0.0,expert
359,466,0,0.0,0.0,expert
360,467,0,0.0,0.0,expert
361,468,0,0.0,0.0,expert
362,469,0,0.0,0.0,expert
363,470,0,0.0,0.0,expert
364,471,0,0.0,0.0,expert
365,472,0,0.0,0.0,expert
366,473,0,0.0,0.0,expert
367,474,0,0.0,0.0,expert
368,476,0,0.0,0.0,expert
369,477,0,0.0,0.0,expert
370,478,0,0.0,0.0,expert
371,479,0,0.0,0.0,expert
372,480,0,0.0,0.0,expert
373,481,0,0.0,0.0,expert
374,482,0,0.0,0.0,expert
375,483,0,0.0,0.0,expert
376,484,0,0.0,0.0,expert
377,485,0,0.0,0.0,expert
378,486,0,0.0,0.0,expert
379,487,0,0.0,0.0,expert
380,488,0,0.0,0.0,expert
381,489,0,0.0,0.0,expert
382,490,0,0.0,0.0,expert
383,491,0,0.0,0.0,expert
384,492,0,0.0,0.0,expert
385,493,0,0.0,0.0,expert
386,494,0,0.0,0.0,expert
387,495,0,0.0,0.0,expert
388,496,0,0.0,0.0,expert
389,497,0,0.0,0.0,expert
390,498,0,0.0,0.0,expert
391,499,0,0.0,0.0,expert
392,500,0,0.0,0.0,expert
393,501,0,0.0,0.0,expert
394,503,0,0.0,0.0,expert
395,504,0,0.0,0.0,expert
396,505,0,0.0,0.0,expert
397,506,0,0.0,0.0,expert
398,507,0,0.0,0.0,expert
399,508,0,0.0,0.0,expert
400,509,0,0.0,0.0,expert
401,510,0,0.0,0.0,expert
402,511,0,0.0,0.0,expert
403,512,0,0.0,0.0,expert
404,513,0,0.0,0.0,expert
405,514,0,0.0,0.0,expert
406,515,0,0.0,0.0,expert
407,516,0,0.0,0.0,expert
408,517,0,0.0,0.0,expert
409,518,0,0.0,0.0,expert
410,519,0,0.0,0.0,expert
411,520,0,0.0,0.0,expert
412,521,0,0.0,0.0,expert
413,522,0,0.0,0.0,expert
414,523,0,0.0,0.0,expert
415,524,0,0.0,0.0,expert
416,525,0,0.0,0.0,expert
417,526,0,0.0,0.0,expert
418,527,0,0.0,0.0,expert
419,528,0,0.0,0.0,expert
420,529,0,0.0,0.0,expert
421,530,0,0.0,0.0,expert
422,531,0,0.0,0.0,expert
423,532,0,0.0,0.0,expert
424,533,0,0.0,0.0,expert
425,534,0,0.0,0.0,expert
426,535,0,0.0,0.0,expert
427,536,0,0.0,0.0,expert
428,537,0,0.0,0.0,expert
429,538,0,0.0,0.0,expert
430,539,0,0.0,0.0,expert
431,540,0,0.0,0.0,expert
432,541,0,0.0,0.0,expert
433,542,0,0.0,0.0,expert
434,543,0,0.0,0.0,expert
435,544,0,0.0,0.0,expert
436,545,0,0.0,0.0,expert
437,546,0,0.0,0.0,expert
438,547,0,0.0,0.0,expert
439,548,0,0.0,0.0,expert
440,549,0,0.0,0.0,expert
441,550,0,0.0,0.0,expert
442,551,0,0.0,0.0,expert
443,552,0,0.0,0.0,expert
444,553,0,0.0,0.0,expert
445,554,0,0.0,0.0,expert
446,555,0,0.0,0.0,expert
447,556,0,0.0,0.0,expert
448,557,0,0.0,0.0,expert
449,558,0,0.0,0.0,expert
450,559,0,0.0,0.0,expert
451,560,0,0.0,0.0,expert
452,561,0,0.0,0.0,expert
453,562,0,0.0,0.0,expert
454,563,0,0.0,0.0,expert
455,564,0,0.0,0.0,expert
456,565,0,0.0,0.0,expert
457,566,0,0.0,0.0,expert
458,567,0,0.0,0.0,expert
459,568,0,0.0,0.0,expert
460,569,0,0.0,0.0,expert
461,570,0,0.0,0.0,expert
462,571,0,0.0,0.0,expert
463,572,0,0.0,0.0,expert
464,573,0,0.0,0.0,expert
465,574,0,0.0,0.0,expert
466,575,0,0.0,0.0,expert
467,576,0,0.0,0.0,expert
468,577,0,0.0,0.0,expert
469,578,0,0.0,0.0,expert
470,579,0,0.0,0.0,expert
471,580,0,0.0,0.0,expert
472,581,0,0.0,0.0,expert
473,582,0,0.0,0.0,expert
474,583,0,0.0,0.0,expert
475,584,0,0.0,0.0,expert
476,585,0,0.0,0.0,expert
477,586,0,0.0,0.0,expert
478,587,0,0.0,0.0,expert
479,588,0,0.0,0.0,expert
480,589,0,0.0,0.0,expert
481,590,0,0.0,0.0,expert
482,591,0,0.0,0.0,expert
483,592,0,0.0,0.0,expert
484,593,0,0.0,0.0,expert
485,594,0,0.0,0.0,expert
486,595,0,0.0,0.0,expert
487,596,0,0.0,0.0,expert
488,597,0,0.0,0.0,expert
489,598,0,0.0,0.0,expert
490,599,0,0.0,0.0,expert
491,600,0,0.0,0.0,expert
492,601,0,0.0,0.0,expert
493,602,0,0.0,0.0,expert
494,603,0,0.0,0.0,expert
495,604,0,0.0,0.0,expert
496,605,0,0.0,0.0,expert
497,606,0,0.0,0.0,expert
498,607,0,0.0,0.0,expert
499,608,0,0.0,0.0,expert
500,610,0,0.0,0.0,expert
501,611,0,0.0,0.0,expert
502,612,0,0.0,0.0,expert
503,613,0,0.0,0.0,expert
504,614,0,0.0,0.0,expert
505,615,0,0.0,0.0,expert
506,616,0,0.0,0.0,expert
507,617,0,0.0,0.0,expert
508,618,0,0.0,0.0,expert
509,619,0,0.0,0.0,expert
510,620,0,0.0,0.0,expert
511,621,0,0.0,0.0,expert
512,622,0,0.0,0.0,expert
513,623,0,0.0,0.0,expert
514,624,0,0.0,0.0,expert
515,625,0,0.0,0.0,expert
516,626,0,0.0,0.0,expert
517,627,0,0.0,0.0,expert
518,628,0,0.0,0.0,expert
519,629,0,0.0,0.0,expert
520,630,0,0.0,0.0,expert
521,631,0,0.0,0.0,expert
522,632,0,0.0,0.0,expert
523,633,0,0.0,0.0,expert
524,634,0,0.0,0.0,expert
525,635,0,0.0,0.0,expert
526,636,0,0.0,0.0,expert
527,637,0,0.0,0.0,expert
528,638,0,0.0,0.0,expert
529,639,0,0.0,0.0,expert
530,640,0,0.0,0.0,expert
531,641,0,0.0,0.0,expert
532,642,0,0.0,0.0,expert
533,643,0,0.0,0.0,expert
534,644,0,0.0,0.0,expert
535,645,0,0.0,0.0,expert
536,646,0,0.0,0.0,expert
537,647,0,0.0,0.0,expert
538,648,0,0.0,0.0,expert
539,650,0,0.0,0.0,expert
540,651,0,0.0,0.0,expert
541,652,0,0.0,0.0,expert
542,653,0,0.0,0.0,expert
543,654,0,0.0,0.0,expert
544,655,0,0.0,0.0,expert
545,656,0,0.0,0.0,expert
546,657,0,0.0,0.0,expert
547,658,0,0.0,0.0,expert
548,659,0,0.0,0.0,expert
549,660,0,0.0,0.0,expert
550,661,0,0.0,0.0,expert
551,662,0,0.0,0.0,expert
552,663,0,0.0,0.0,expert
553,664,0,0.0,0.0,expert
554,665,0,0.0,0.0,expert
555,666,0,0.0,0.0,expert
556,667,0,0.0,0.0,expert
557,668,0,0.0,0.0,expert
558,669,0,0.0,0.0,expert
559,670,0,0.0,0.0,expert
560,672,0,0.0,0.0,expert
561,673,0,0.0,0.0,expert
562,674,0,0.0,0.0,expert
563,675,0,0.0,0.0,expert
564,676,0,0.0,0.0,expert
565,677,0,0.0,0.0,expert
566,678,0,0.0,0.0,expert
567,679,0,0.0,0.0,expert
568,680,0,0.0,0.0,expert
569,681,0,0.0,0.0,expert
570,682,0,0.0,0.0,expert
571,683,0,0.0,0.0,expert
572,684,0,0.0,0.0,expert
573,685,0,0.0,0.0,expert
574,686,0,0.0,0.0,expert
575,687,0,0.0,0.0,expert
576,688,0,0.0,0.0,expert
577,689,0,0.0,0.0,expert
578,690,0,0.0,0.0,expert
579,691,0,0.0,0.0,expert
580,692,0,0.0,0.0,expert
581,693,0,0.0,0.0,expert
582,694,0,0.0,0.0,expert
583,695,0,0.0,0.0,expert
584,696,0,0.0,0.0,expert
585,697,0,0.0,0.0,expert
586,698,0,0.0,0.0,expert
587,699,0,0.0,0.0,expert
588,700,0,0.0,0.0,expert
589,701,0,0.0,0.0,expert
590,702,0,0.0,0.0,expert
591,703,0,0.0,0.0,expert
592,704,0,0.0,0.0,expert
593,705,0,0.0,0.0,expert
594,706,0,0.0,0.0,expert
595,707,0,0.0,0.0,expert
596,708,0,0.0,0.0,expert
597,709,0,0.0,0.0,expert
598,710,0,0.0,0.0,expert
599,711,0,0.0,0.0,expert
600,712,0,0.0,0.0,expert
601,713,0,0.0,0.0,expert
602,714,0,0.0,0.0,expert
603,715,0,0.0,0.0,expert
604,716,0,0.0,0.0,expert
605,717,0,0.0,0.0,expert
606,718,0,0.0,0.0,expert
607,719,0,0.0,0.0,expert
608,720,0,0.0,0.0,expert
609,721,0,0.0,0.0,expert
610,722,0,0.0,0.0,expert
611,723,0,0.0,0.0,expert
612,724,0,0.0,0.0,expert
613,725,0,0.0,0.0,expert
614,726,0,0.0,0.0,expert
615,727,0,0.0,0.0,expert
616,728,0,0.0,0.0,expert
617,729,0,0.0,0.0,expert
618,730,0,0.0,0.0,expert
619,731,0,0.0,0.0,expert
620,732,0,0.0,0.0,expert
621,733,0,0.0,0.0,expert
622,734,0,0.0,0.0,expert
623,735,0,0.0,0.0,expert
624,736,0,0.0,0.0,expert
625,737,0,0.0,0.0,expert
626,738,0,0.0,0.0,expert
627,739,0,0.0,0.0,expert
628,740,0,0.0,0.0,expert
629,741,0,0.0,0.0,expert
630,743,0,0.0,0.0,expert
631,744,0,0.0,0.0,expert
632,745,0,0.0,0.0,expert
633,746,0,0.0,0.0,expert
634,747,0,0.0,0.0,expert
635,748,0,0.0,0.0,expert
636,749,0,0.0,0.0,expert
637,750,0,0.0,0.0,expert
638,751,0,0.0,0.0,expert
639,752,0,0.0,0.0,expert
640,753,0,0.0,0.0,expert
641,754,0,0.0,0.0,expert
642,755,0,0.0,0.0,expert
643,756,0,0.0,0.0,expert
644,757,0,0.0,0.0,expert
645,758,0,0.0,0.0,expert
646,759,0,0.0,0.0,expert
647,760,0,0.0,0.0,expert
648,761,0,0.0,0.0,expert
649,762,0,0.0,0.0,expert
650,763,0,0.0,0.0,expert
651,764,0,0.0,0.0,expert
652,765,0,0.0,0.0,expert
653,766,0,0.0,0.0,expert
654,767,0,0.0,0.0,expert
655,768,0,0.0,0.0,expert
656,769,0,0.0,0.0,expert
657,770,0,0.0,0.0,expert
658,771,0,0.0,0.0,expert
659,772,0,0.0,0.0,expert
660,773,0,0.0,0.0,expert
661,774,0,0.0,0.0,expert
662,775,0,0.0,0.0,expert
663,776,0,0.0,0.0,expert
664,777,0,0.0,0.0,expert
665,778,0,0.0,0.0,expert
666,779,0,0.0,0.0,expert
667,780,0,0.0,0.0,expert
668,781,0,0.0,0.0,expert
669,782,0,0.0,0.0,expert
670,783,0,0.0,0.0,expert
671,784,0,0.0,0.0,expert
672,785,0,0.0,0.0,expert
673,786,0,0.0,0.0,expert
674,787,0,0.0,0.0,expert
675,788,0,0.0,0.0,expert
676,789,0,0.0,0.0,expert
677,790,0,0.0,0.0,expert
678,791,0,0.0,0.0,expert
679,792,0,0.0,0.0,expert
680,793,0,0.0,0.0,expert
681,794,0,0.0,0.0,expert
682,795,0,0.0,0.0,expert
683,796,0,0.0,0.0,expert
684,797,0,0.0,0.0,expert
685,798,0,0.0,0.0,expert
686,799,0,0.0,0.0,expert
687,800,0,0.0,0.0,expert
688,801,0,0.0,0.0,expert
689,802,0,0.0,0.0,expert
690,803,0,0.0,0.0,expert
691,804,0,0.0,0.0,expert
692,805,0,0.0,0.0,expert
693,806,0,0.0,0.0,expert
694,807,0,0.0,0.0,expert
695,808,0,0.0,0.0,expert
696,809,0,0.0,0.0,expert
697,810,0,0.0,0.0,expert
698,811,0,0.0,0.0,expert
699,812,0,0.0,0.0,expert
700,813,0,0.0,0.0,expert
701,814,0,0.0,0.0,expert
702,815,0,0.0,0.0,expert
703,816,0,0.0,0.0,expert
704,817,0,0.0,0.0,expert
705,818,0,0.0,0.0,expert
706,819,0,0.0,0.0,expert
707,820,0,0.0,0.0,expert
708,821,0,0.0,0.0,expert
709,822,0,0.0,0.0,expert
710,823,0,0.0,0.0,expert
711,824,0,0.0,0.0,expert
712,825,0,0.0,0.0,expert
713,826,0,0.0,0.0,expert
714,827,0,0.0,0.0,expert
715,828,0,0.0,0.0,expert
716,829,0,0.0,0.0,expert
717,830,0,0.0,0.0,expert
718,831,0,0.0,0.0,expert
719,832,0,0.0,0.0,expert
720,833,0,0.0,0.0,expert
721,834,0,0.0,0.0,expert
722,835,0,0.0,0.0,expert
723,836,0,0.0,0.0,expert
724,837,0,0.0,0.0,expert
725,838,0,0.0,0.0,expert
726,839,0,0.0,0.0,expert
727,840,0,0.0,0.0,expert
728,841,0,0.0,0.0,expert
729,842,0,0.0,0.0,expert
730,843,0,0.0,0.0,expert
731,844,0,0.0,0.0,expert
732,845,0,0.0,0.0,expert
733,846,0,0.0,0.0,expert
734,847,0,0.0,0.0,expert
735,848,0,0.0,0.0,expert
736,849,0,0.0,0.0,expert
737,850,0,0.0,0.0,expert
738,851,0,0.0,0.0,expert
739,852,0,0.0,0.0,expert
740,853,0,0.0,0.0,expert
741,854,0,0.0,0.0,expert
742,855,0,0.0,0.0,expert
743,856,0,0.0,0.0,expert
744,857,0,0.0,0.0,expert
745,858,0,0.0,0.0,expert
746,859,0,0.0,0.0,expert
747,860,0,0.0,0.0,expert
748,861,0,0.0,0.0,expert
749,862,0,0.0,0.0,expert
750,863,0,0.0,0.0,expert
751,864,0,0.0,0.0,expert
752,865,0,0.0,0.0,expert
753,866,0,0.0,0.0,expert
754,867,0,0.0,0.0,expert
755,868,0,0.0,0.0,expert
756,869,0,0.0,0.0,expert
757,870,0,0.0,0.0,expert
758,871,0,0.0,0.0,expert
759,872,0,0.0,0.0,expert
760,873,0,0.0,0.0,expert
761,874,0,0.0,0.0,expert
762,875,0,0.0,0.0,expert
763,876,0,0.0,0.0,expert
764,877,0,0.0,0.0,expert
765,878,0,0.0,0.0,expert
766,879,0,0.0,0.0,expert
767,880,0,0.0,0.0,expert
768,881,0,0.0,0.0,expert
769,882,0,0.0,0.0,expert
770,883,0,0.0,0.0,expert
771,884,0,0.0,0.0,expert
772,885,0,0.0,0.0,expert
773,886,0,0.0,0.0,expert
774,887,0,0.0,0.0,expert
775,888,0,0.0,0.0,expert
776,889,0,0.0,0.0,expert
777,890,0,0.0,0.0,expert
778,891,0,0.0,0.0,expert
779,892,0,0.0,0.0,expert
780,893,0,0.0,0.0,expert
781,894,0,0.0,0.0,expert
782,895,0,0.0,0.0,expert
783,896,0,0.0,0.0,expert
784,897,0,0.0,0.0,expert
785,898,0,0.0,0.0,expert
786,899,0,0.0,0.0,expert
787,900,0,0.0,0.0,expert
788,901,0,0.0,0.0,expert
789,902,0,0.0,0.0,expert
790,903,0,0.0,0.0,expert
791,904,0,0.0,0.0,expert
792,905,0,0.0,0.0,expert
793,906,0,0.0,0.0,expert
794,907,0,0.0,0.0,expert
795,908,0,0.0,0.0,expert
796,909,0,0.0,0.0,expert
797,910,0,0.0,0.0,expert
798,911,0,0.0,0.0,expert
799,912,0,0.0,0.0,expert
800,913,0,0.0,0.0,expert
801,914,0,0.0,0.0,expert
802,915,0,0.0,0.0,expert
803,916,0,0.0,0.0,expert
804,917,0,0.0,0.0,expert
805,918,0,0.0,0.0,expert
806,919,0,0.0,0.0,expert
807,920,0,0.0,0.0,expert
808,921,0,0.0,0.0,expert
809,922,0,0.0,0.0,expert
810,923,0,0.0,0.0,expert
811,924,0,0.0,0.0,expert
812,925,0,0.0,0.0,expert
813,926,0,0.0,0.0,expert
814,927,0,0.0,0.0,expert
815,928,0,0.0,0.0,expert
816,929,0,0.0,0.0,expert
817,930,0,0.0,0.0,expert
818,931,0,0.0,0.0,expert
819,932,0,0.0,0.0,expert
820,933,0,0.0,0.0,expert
821,934,0,0.0,0.0,expert
822,935,0,0.0,0.0,expert
823,936,0,0.0,0.0,expert
824,937,0,0.0,0.0,expert
825,938,0,0.0,0.0,expert
826,939,0,0.0,0.0,expert
827,940,0,0.0,0.0,expert
828,941,0,0.0,0.0,expert
829,942,0,0.0,0.0,expert
830,943,0,0.0,0.0,expert
831,944,0,0.0,0.0,expert
832,945,0,0.0,0.0,expert
833,946,0,0.0,0.0,expert
834,947,0,0.0,0.0,expert
835,948,0,0.0,0.0,expert
836,949,0,0.0,0.0,expert
837,950,0,0.0,0.0,expert
838,951,0,0.0,0.0,expert
839,952,0,0.0,0.0,expert
840,953,0,0.0,0.0,expert
841,954,0,0.0,0.0,expert
842,955,0,0.0,0.0,expert
843,956,0,0.0,0.0,expert
844,957,0,0.0,0.0,expert
845,958,0,0.0,0.0,expert
846,959,0,0.0,0.0,expert
847,960,0,0.0,0.0,expert
848,961,0,0.0,0.0,expert
849,962,0,0.0,0.0,expert
850,963,0,0.0,0.0,expert
851,964,0,0.0,0.0,expert
852,965,0,0.0,0.0,expert
853,966,0,0.0,0.0,expert
854,967,0,0.0,0.0,expert
855,968,0,0.0,0.0,expert
856,969,0,0.0,0.0,expert
857,970,0,0.0,0.0,expert
858,971,0,0.0,0.0,expert
859,972,0,0.0,0.0,expert
860,973,0,0.0,0.0,expert
861,974,0,0.0,0.0,expert
862,975,0,0.0,0.0,expert
863,976,0,0.0,0.0,expert
864,977,0,0.0,0.0,expert
865,978,0,0.0,0.0,expert
866,979,0,0.0,0.0,expert
867,980,0,0.0,0.0,expert
868,981,0,0.0,0.0,expert
869,982,0,0.0,0.0,expert
870,983,0,0.0,0.0,expert
871,984,0,0.0,0.0,expert
872,985,0,0.0,0.0,expert
873,986,0,0.0,0.0,expert
874,987,0,0.0,0.0,expert
875,988,0,0.0,0.0,expert
876,989,0,0.0,0.0,expert
877,990,0,0.0,0.0,expert
878,991,0,0.0,0.0,expert
879,992,0,0.0,0.0,expert
880,993,0,0.0,0.0,expert
881,994,0,0.0,0.0,expert
882,995,0,0.0,0.0,expert
883,996,0,0.0,0.0,expert
884,997,0,0.0,0.0,expert
885,998,0,0.0,0.0,expert
886,999,0,0.0,0.0,expert
887,1000,0,0.0,0.0,expert
888,1001,0,0.0,0.0,expert
889,1002,0,0.0,0.0,expert
890,1003,0,0.0,0.0,expert
891,1004,0,0.0,0.0,expert
892,1005,0,0.0,0.0,expert
893,1006,0,0.0,0.0,expert
894,1007,0,0.0,0.0,expert
895,1008,0,0.0,0.0,expert
896,1009,0,0.0,0.0,expert
897,1010,0,0.0,0.0,expert
898,1011,0,0.0,0.0,expert
899,1012,0,0.0,0.0,expert
900,1013,0,0.0,0.0,expert
901,1014,0,0.0,0.0,expert
902,1015,0,0.0,0.0,expert
903,1016,0,0.0,0.0,expert
904,1017,0,0.0,0.0,expert
905,1018,0,0.0,0.0,expert
906,1019,0,0.0,0.0,expert
907,1020,0,0.0,0.0,expert
908,1021,0,0.0,0.0,expert
909,1022,0,0.0,0.0,expert
910,1023,0,0.0,0.0,expert
911,1024,0,0.0,0.0,expert
912,1025,0,0.0,0.0,expert
913,1026,0,0.0,0.0,expert
914,1027,0,0.0,0.0,expert
915,1028,0,0.0,0.0,expert
916,1029,0,0.0,0.0,expert
917,1030,0,0.0,0.0,expert
918,1031,0,0.0,0.0,expert
919,1032,0,0.0,0.0,expert
920,1033,0,0.0,0.0,expert
921,1034,0,0.0,0.0,expert
922,1035,0,0.0,0.0,expert
923,1036,0,0.0,0.0,expert
924,1037,0,0.0,0.0,expert
925,1038,0,0.0,0.0,expert
926,1039,0,0.0,0.0,expert
927,1040,0,0.0,0.0,expert
928,1041,0,0.0,0.0,expert
929,1042,0,0.0,0.0,expert
930,1043,0,0.0,0.0,expert
931,1044,0,0.0,0.0,expert
932,1045,0,0.0,0.0,expert
933,1046,0,0.0,0.0,expert
934,1047,0,0.0,0.0,expert
935,1048,0,0.0,0.0,expert
936,1049,0,0.0,0.0,expert
937,1050,0,0.0,0.0,expert
938,1051,0,0.0,0.0,expert
939,1052,0,0.0,0.0,expert
940,1053,0,0.0,0.0,expert
941,1054,0,0.0,0.0,expert
942,1055,0,0.0,0.0,expert
943,1056,0,0.0,0.0,expert
944,1057,0,0.0,0.0,expert
945,1058,0,0.0,0.0,expert
946,1059,0,0.0,0.0,expert
947,1060,0,0.0,0.0,expert
948,1061,0,0.0,0.0,expert
949,1062,0,0.0,0.0,expert
950,1063,0,0.0,0.0,expert
951,1064,0,0.0,0.0,expert
952,1065,0,0.0,0.0,expert
953,1066,0,0.0,0.0,expert
954,1067,0,0.0,0.0,expert
955,1068,0,0.0,0.0,expert
956,1069,0,0.0,0.0,expert
957,1070,0,0.0,0.0,expert
958,1071,0,0.0,0.0,expert
959,1072,0,0.0,0.0,expert
960,1073,0,0.0,0.0,expert
961,1074,0,0.0,0.0,expert
962,1075,0,0.0,0.0,expert
963,1076,0,0.0,0.0,expert
964,1077,0,0.0,0.0,expert
965,1078,0,0.0,0.0,expert
966,1079,0,0.0,0.0,expert
967,1080,0,0.0,0.0,expert
968,1081,0,0.0,0.0,expert
969,1082,0,0.0,0.0,expert
970,1083,0,0.0,0.0,expert
971,1084,0,0.0,0.0,expert
972,1085,0,0.0,0.0,expert
973,1086,0,0.0,0.0,expert
974,1087,0,0.0,0.0,expert
975,1088,0,0.0,0.0,expert
976,1089,0,0.0,0.0,expert
977,1090,0,0.0,0.0,expert
978,1091,0,0.0,0.0,expert
979,1092,0,0.0,0.0,expert
980,1093,0,0.0,0.0,expert
981,1094,0,0.0,0.0,expert
982,1095,0,0.0,0.0,expert
983,1096,0,0.0,0.0,expert
984,1097,0,0.0,0.0,expert
985,1098,0,0.0,0.0,expert
986,1099,0,0.0,0.0,expert
987,1100,0,0.0,0.0,expert
988,1101,0,0.0,0.0,expert
989,1102,0,0.0,0.0,expert
990,1103,0,0.0,0.0,expert
991,1104,0,0.0,0.0,expert
992,1105,0,0.0,0.0,expert
993,1106,0,0.0,0.0,expert
994,1107,0,0.0,0.0,expert
995,1108,0,0.0,0.0,expert
996,1109,0,0.0,0.0,expert
997,1110,0,0.0,0.0,expert
998,1111,0,0.0,0.0,expert
999,1112,0,0.0,0.0,expert
1000,1113,0,0.0,0.0,expert
1001,1114,0,0.0,0.0,expert
1002,1115,0,0.0,0.0,expert
1003,1116,0,0.0,0.0,expert
1004,1117,0,0.0,0.0,expert
1005,1118,0,0.0,0.0,expert
1006,1119,0,0.0,0.0,expert
1007,1120,0,0.0,0.0,expert
1008,1121,0,0.0,0.0,expert
1009,1122,0,0.0,0.0,expert
1010,1123,0,0.0,0.0,expert
1011,1124,0,0.0,0.0,expert
1012,1125,0,0.0,0.0,expert
1013,1126,0,0.0,0.0,expert
1014,1127,0,0.0,0.0,expert
1015,1128,0,0.0,0.0,expert
1016,1129,0,0.0,0.0,expert
1017,1130,0,0.0,0.0,expert
1018,1131,0,0.0,0.0,expert
1019,1132,0,0.0,0.0,expert
1020,1133,0,0.0,0.0,expert
1021,1134,0,0.0,0.0,expert
1022,1135,0,0.0,0.0,expert
1023,1136,0,0.0,0.0,expert
1024,1137,0,0.0,0.0,expert
1025,1138,0,0.0,0.0,expert
1026,1139,0,0.0,0.0,expert
1027,1140,0,0.0,0.0,expert
1028,1141,0,0.0,0.0,expert
1029,1142,0,0.0,0.0,expert
1030,1143,0,0.0,0.0,expert
1031,1144,0,0.0,0.0,expert
1032,1145,0,0.0,0.0,expert
1033,1146,0,0.0,0.0,expert
1034,1147,0,0.0,0.0,expert
1035,1148,0,0.0,0.0,expert
1036,1149,0,0.0,0.0,expert
1037,1150,0,0.0,0.0,expert
1038,1151,0,0.0,0.0,expert
1039,1152,0,0.0,0.0,expert
1040,1153,0,0.0,0.0,expert
1041,1154,0,0.0,0.0,expert
1042,1155,0,0.0,0.0,expert
1043,1156,0,0.0,0.0,expert
1044,1157,0,0.0,0.0,expert
1045,1158,0,0.0,0.0,expert
1046,1159,0,0.0,0.0,expert
1047,1160,0,0.0,0.0,expert
1048,1161,0,0.0,0.0,expert
1049,1162,0,0.0,0.0,expert
1050,1163,0,0.0,0.0,expert
1051,1164,0,0.0,0.0,expert
1052,1165,0,0.0,0.0,expert
1053,1166,0,0.0,0.0,expert
1054,1168,0,0.0,0.0,expert
1055,1169,0,0.0,0.0,expert
1056,1170,0,0.0,0.0,expert
1057,1171,0,0.0,0.0,expert
1058,1172,0,0.0,0.0,expert
1059,1173,0,0.0,0.0,expert
1060,1174,0,0.0,0.0,expert
1061,1175,0,0.0,0.0,expert
1062,1176,0,0.0,0.0,expert
1063,1177,0,0.0,0.0,expert
1064,1178,0,0.0,0.0,expert
1065,1179,0,0.0,0.0,expert
1066,1180,0,0.0,0.0,expert
1067,1181,0,0.0,0.0,expert
1068,1182,0,0.0,0.0,expert
1069,1183,0,0.0,0.0,expert
1070,1184,0,0.0,0.0,expert
1071,1185,0,0.0,0.0,expert
1072,1186,0,0.0,0.0,expert
1073,1187,0,0.0,0.0,expert
1074,1188,0,0.0,0.0,expert
1075,1189,0,0.0,0.0,expert
1076,1190,0,0.0,0.0,expert
1077,1191,0,0.0,0.0,expert
1078,1192,0,0.0,0.0,expert
1079,1193,0,0.0,0.0,expert
1080,1194,0,0.0,0.0,expert
1081,1195,0,0.0,0.0,expert
1082,1196,0,0.0,0.0,expert
1083,1197,0,0.0,0.0,expert
1084,1198,0,0.0,0.0,expert
1085,1199,0,0.0,0.0,expert
1086,1200,0,0.0,0.0,expert
1087,1201,0,0.0,0.0,expert
1088,1202,0,0.0,0.0,expert
1089,1203,0,0.0,0.0,expert
1090,1204,0,0.0,0.0,expert
1091,1205,0,0.0,0.0,expert
1092,1206,0,0.0,0.0,expert
1093,1207,0,0.0,0.0,expert
1094,1208,0,0.0,0.0,expert
1095,1209,0,0.0,0.0,expert
1096,1210,0,0.0,0.0,expert
1097,1211,0,0.0,0.0,expert
1098,1212,0,0.0,0.0,expert
1099,1213,0,0.0,0.0,expert
1100,1214,0,0.0,0.0,expert
1101,1215,0,0.0,0.0,expert
1102,1216,0,0.0,0.0,expert
1103,1217,0,0.0,0.0,expert
1104,1218,0,0.0,0.0,expert
1105,1219,0,0.0,0.0,expert
1106,1220,0,0.0,0.0,expert
1107,1221,0,0.0,0.0,expert
1108,1222,0,0.0,0.0,expert
1109,1223,0,0.0,0.0,expert
1110,1224,0,0.0,0.0,expert
1111,1225,0,0.0,0.0,expert
1112,1226,0,0.0,0.0,expert
1113,1227,0,0.0,0.0,expert
1114,1228,0,0.0,0.0,expert
1115,1229,0,0.0,0.0,expert
1116,1230,0,0.0,0.0,expert
1117,1231,0,0.0,0.0,expert
1118,1232,0,0.0,0.0,expert
1119,1233,0,0.0,0.0,expert
1120,1234,0,0.0,0.0,expert
1121,1235,0,0.0,0.0,expert
1122,1236,0,0.0,0.0,expert
1123,1237,0,0.0,0.0,expert
1124,1238,0,0.0,0.0,expert
1125,1239,0,0.0,0.0,expert
1126,1240,0,0.0,0.0,expert
1127,1241,0,0.0,0.0,expert
1128,1242,0,0.0,0.0,expert
1129,1243,0,0.0,0.0,expert
1130,1244,0,0.0,0.0,expert
1131,1245,0,0.0,0.0,expert
1132,1246,0,0.0,0.0,expert
1133,1247,0,0.0,0.0,expert
1134,1248,0,0.0,0.0,expert
1135,1249,0,0.0,0.0,expert
1136,1250,0,0.0,0.0,expert
1137,1251,0,0.0,0.0,expert
1138,1252,0,0.0,0.0,expert
1139,1253,0,0.0,0.0,expert
1140,1254,0,0.0,0.0,expert
1141,1255,0,0.0,0.0,expert
1142,1256,0,0.0,0.0,expert
1143,1257,0,0.0,0.0,expert
1144,1258,0,0.0,0.0,expert
1145,1259,0,0.0,0.0,expert
1146,1260,0,0.0,0.0,expert
1147,1261,0,0.0,0.0,expert
1148,1262,0,0.0,0.0,expert
1149,1263,0,0.0,0.0,expert
1150,1264,0,0.0,0.0,expert
1151,1265,0,0.0,0.0,expert
1152,1266,0,0.0,0.0,expert
1153,1267,0,0.0,0.0,expert
1154,1268,0,0.0,0.0,expert
1155,1269,0,0.0,0.0,expert
1156,1270,0,0.0,0.0,expert
1157,1271,0,0.0,0.0,expert
1158,1272,0,0.0,0.0,expert
1159,1273,0,0.0,0.0,expert
1160,1274,0,0.0,0.0,expert
1161,1275,0,0.0,0.0,expert
1162,1276,0,0.0,0.0,expert
1163,1277,0,0.0,0.0,expert
1164,1278,0,0.0,0.0,expert
1165,1279,0,0.0,0.0,expert
1166,1280,0,0.0,0.0,expert
1167,1281,0,0.0,0.0,expert
1168,1282,0,0.0,0.0,expert
1169,1283,0,0.0,0.0,expert
1170,1284,0,0.0,0.0,expert
1171,1285,0,0.0,0.0,expert
1172,1286,0,0.0,0.0,expert
1173,1287,0,0.0,0.0,expert
1174,1288,0,0.0,0.0,expert
1175,1289,0,0.0,0.0,expert
1176,1290,0,0.0,0.0,expert
1177,1291,0,0.0,0.0,expert
1178,1292,0,0.0,0.0,expert
1179,1293,0,0.0,0.0,expert
1180,1294,0,0.0,0.0,expert
1181,1295,0,0.0,0.0,expert
1182,1296,0,0.0,0.0,expert
1183,1297,0,0.0,0.0,expert
1184,1298,0,0.0,0.0,expert
1185,1299,0,0.0,0.0,expert
1186,1300,0,0.0,0.0,expert
1187,1301,0,0.0,0.0,expert
1188,1302,0,0.0,0.0,expert
1189,1303,0,0.0,0.0,expert
1190,1304,0,0.0,0.0,expert
1191,1305,0,0.0,0.0,expert
1192,1306,0,0.0,0.0,expert
1193,1307,0,0.0,0.0,expert
1194,1308,0,0.0,0.0,expert
1195,1309,0,0.0,0.0,expert
1196,1310,0,0.0,0.0,expert
1197,1311,0,0.0,0.0,expert
1198,1312,0,0.0,0.0,expert
1199,1313,0,0.0,0.0,expert
1200,1314,0,0.0,0.0,expert
1201,1315,0,0.0,0.0,expert
1202,1316,0,0.0,0.0,expert
1203,1317,0,0.0,0.0,expert
1204,1318,0,0.0,0.0,expert
1205,1319,0,0.0,0.0,expert
1206,1320,0,0.0,0.0,expert
1207,1321,0,0.0,0.0,expert
1208,1322,0,0.0,0.0,expert
1209,1323,0,0.0,0.0,expert
1210,1324,0,0.0,0.0,expert
1211,1325,0,0.0,0.0,expert
1212,1326,0,0.0,0.0,expert
1213,1327,0,0.0,0.0,expert
1214,1328,0,0.0,0.0,expert
1215,1329,0,0.0,0.0,expert
1216,1330,0,0.0,0.0,expert
1217,1331,0,0.0,0.0,expert
1218,1332,0,0.0,0.0,expert
1219,1333,0,0.0,0.0,expert
1220,1334,0,0.0,0.0,expert
1221,1335,0,0.0,0.0,expert
1222,1336,0,0.0,0.0,expert
1223,1337,0,0.0,0.0,expert
1224,1338,0,0.0,0.0,expert
1225,1339,0,0.0,0.0,expert
1226,1340,0,0.0,0.0,expert
1227,1341,0,0.0,0.0,expert
1228,1342,0,0.0,0.0,expert
1229,1343,0,0.0,0.0,expert
1230,1344,0,0.0,0.0,expert
1231,1345,0,0.0,0.0,expert
1232,1346,0,0.0,0.0,expert
1233,1347,0,0.0,0.0,expert
1234,1348,0,0.0,0.0,expert
1235,1349,0,0.0,0.0,expert
1236,1350,0,0.0,0.0,expert
1237,1351,0,0.0,0.0,expert
1238,1352,0,0.0,0.0,expert
1239,1353,0,0.0,0.0,expert
1240,1354,0,0.0,0.0,expert
1241,1355,0,0.0,0.0,expert
1242,1356,0,0.0,0.0,expert
1243,1357,0,0.0,0.0,expert
1244,1358,0,0.0,0.0,expert
1245,1359,0,0.0,0.0,expert
1246,1360,0,0.0,0.0,expert
1247,1361,0,0.0,0.0,expert
1248,1362,0,0.0,0.0,expert
1249,1363,0,0.0,0.0,expert
1250,1364,0,0.0,0.0,expert
1251,1365,0,0.0,0.0,expert
1252,1366,0,0.0,0.0,expert
1253,1367,0,0.0,0.0,expert
1254,1368,0,0.0,0.0,expert
1255,1369,0,0.0,0.0,expert
1256,1370,0,0.0,0.0,expert
1257,1371,0,0.0,0.0,expert
1258,1372,0,0.0,0.0,expert
1259,1373,0,0.0,0.0,expert
1260,1374,0,0.0,0.0,expert
1261,1375,0,0.0,0.0,expert
1262,1376,0,0.0,0.0,expert
1263,1377,0,0.0,0.0,expert
1264,1378,0,0.0,0.0,expert
1265,1379,0,0.0,0.0,expert
1266,1380,0,0.0,0.0,expert
1267,1381,0,0.0,0.0,expert
1268,1382,0,0.0,0.0,expert
1269,1383,0,0.0,0.0,expert
1270,1384,0,0.0,0.0,expert
1271,1385,0,0.0,0.0,expert
1272,1386,0,0.0,0.0,expert
1273,1387,0,0.0,0.0,expert
1274,1388,0,0.0,0.0,expert
1275,1389,0,0.0,0.0,expert
1276,1390,0,0.0,0.0,expert
1277,1391,0,0.0,0.0,expert
1278,1392,0,0.0,0.0,expert
1279,1393,0,0.0,0.0,expert
1280,1394,0,0.0,0.0,expert
1281,1395,0,0.0,0.0,expert
1282,1396,0,0.0,0.0,expert
1283,1397,0,0.0,0.0,expert
1284,1398,0,0.0,0.0,expert
1285,1399,0,0.0,0.0,expert
1286,1400,0,0.0,0.0,expert
1287,1401,0,0.0,0.0,expert
1288,1402,0,0.0,0.0,expert
1289,1403,0,0.0,0.0,expert
1290,1404,0,0.0,0.0,expert
1291,1405,0,0.0,0.0,expert
1292,1406,0,0.0,0.0,expert
1293,1407,0,0.0,0.0,expert
1294,1408,0,0.0,0.0,expert
1295,1409,0,0.0,0.0,expert
1296,1410,0,0.0,0.0,expert
1297,1411,0,0.0,0.0,expert
1298,1412,0,0.0,0.0,expert
1299,1413,0,0.0,0.0,expert
1300,1414,0,0.0,0.0,expert
1301,1415,0,0.0,0.0,expert
1302,1416,0,0.0,0.0,expert
1303,1417,0,0.0,0.0,expert
1304,1418,0,0.0,0.0,expert
1305,1419,0,0.0,0.0,expert
1306,1420,0,0.0,0.0,expert
1307,1421,0,0.0,0.0,expert
1308,1422,0,0.0,0.0,expert
1309,1423,0,0.0,0.0,expert
1310,1424,0,0.0,0.0,expert
1311,1425,0,0.0,0.0,expert
1312,1426,0,0.0,0.0,expert
1313,1427,0,0.0,0.0,expert
1314,1428,0,0.0,0.0,expert
1315,1429,0,0.0,0.0,expert
1316,1430,0,0.0,0.0,expert
1317,1431,0,0.0,0.0,expert
1318,1432,0,0.0,0.0,expert
1319,1433,0,0.0,0.0,expert
1320,1434,0,0.0,0.0,expert
1321,1435,0,0.0,0.0,expert
1322,1436,0,0.0,0.0,expert
1323,1437,0,0.0,0.0,expert
1324,1438,0,0.0,0.0,expert
1325,1439,0,0.0,0.0,expert
1326,1440,0,0.0,0.0,expert
1327,1441,0,0.0,0.0,expert
1328,1442,0,0.0,0.0,expert
1329,1443,0,0.0,0.0,expert
1330,1444,0,0.0,0.0,expert
1331,1445,0,0.0,0.0,expert
1332,1446,0,0.0,0.0,expert
1333,1447,0,0.0,0.0,expert
1334,1448,0,0.0,0.0,expert
1335,1449,0,0.0,0.0,expert
1336,1450,0,0.0,0.0,expert
1337,1451,0,0.0,0.0,expert
1338,1452,0,0.0,0.0,expert
1339,1453,0,0.0,0.0,expert
1340,1454,0,0.0,0.0,expert
1341,1455,0,0.0,0.0,expert
1342,1456,0,0.0,0.0,expert
1343,1457,0,0.0,0.0,expert
1344,1458,0,0.0,0.0,expert
1345,1459,0,0.0,0.0,expert
1346,1460,0,0.0,0.0,expert
1347,1461,0,0.0,0.0,expert
1348,1462,0,0.0,0.0,expert
1349,1463,0,0.0,0.0,expert
1350,1464,0,0.0,0.0,expert
1351,1465,0,0.0,0.0,expert
1352,1466,0,0.0,0.0,expert
1353,1467,0,0.0,0.0,expert
1354,1468,0,0.0,0.0,expert
1355,1469,0,0.0,0.0,expert
1356,1470,0,0.0,0.0,expert
1357,1471,0,0.0,0.0,expert
1358,1472,0,0.0,0.0,expert
1359,1473,0,0.0,0.0,expert
1360,1474,0,0.0,0.0,expert
1361,1475,0,0.0,0.0,expert
1362,1476,0,0.0,0.0,expert
1363,1477,0,0.0,0.0,expert
1364,1478,0,0.0,0.0,expert
1365,1479,0,0.0,0.0,expert
1366,1480,0,0.0,0.0,expert
1367,1481,0,0.0,0.0,expert
1368,1482,0,0.0,0.0,expert
1369,1483,0,0.0,0.0,expert
1370,1484,0,0.0,0.0,expert
1371,1485,0,0.0,0.0,expert
1372,1486,0,0.0,0.0,expert
1373,1487,0,0.0,0.0,expert
1374,1488,0,0.0,0.0,expert
1375,1489,0,0.0,0.0,expert
1376,1490,0,0.0,0.0,expert
1377,1491,0,0.0,0.0,expert
1378,1492,0,0.0,0.0,expert
1379,1493,0,0.0,0.0,expert
1380,1494,0,0.0,0.0,expert
1381,1495,0,0.0,0.0,expert
1382,1496,0,0.0,0.0,expert
1383,1497,0,0.0,0.0,expert
1384,1498,0,0.0,0.0,expert
1385,1499,0,0.0,0.0,expert
1386,1500,0,0.0,0.0,expert
1387,1501,0,0.0,0.0,expert
1388,1502,0,0.0,0.0,expert
1389,1503,0,0.0,0.0,expert
1390,1504,0,0.0,0.0,expert
1391,1505,0,0.0,0.0,expert
1392,1506,0,0.0,0.0,expert
1393,1507,0,0.0,0.0,expert
1394,1508,0,0.0,0.0,expert
1395,1509,0,0.0,0.0,expert
1396,1510,0,0.0,0.0,expert
1397,1511,0,0.0,0.0,expert
1398,1512,0,0.0,0.0,expert
1399,1513,0,0.0,0.0,expert
1400,1514,0,0.0,0.0,expert
1401,1515,0,0.0,0.0,expert
1402,1516,0,0.0,0.0,expert
1403,1517,0,0.0,0.0,expert
1404,1518,0,0.0,0.0,expert
1405,1519,0,0.0,0.0,expert
1406,1520,0,0.0,0.0,expert
1407,1521,0,0.0,0.0,expert
1408,1522,0,0.0,0.0,expert
1409,1523,0,0.0,0.0,expert
1410,1524,0,0.0,0.0,expert
1411,1525,0,0.0,0.0,expert
1412,1526,0,0.0,0.0,expert
1413,1527,0,0.0,0.0,expert
1414,1528,0,0.0,0.0,expert
1415,1529,0,0.0,0.0,expert
1416,1530,0,0.0,0.0,expert
1417,1531,0,0.0,0.0,expert
1418,1532,0,0.0,0.0,expert
1419,1533,0,0.0,0.0,expert
1420,1534,0,0.0,0.0,expert
1421,1535,0,0.0,0.0,expert
1422,1536,0,0.0,0.0,expert
1423,1537,0,0.0,0.0,expert
1424,1538,0,0.0,0.0,expert
1425,1539,0,0.0,0.0,expert
1426,1540,0,0.0,0.0,expert
1427,1541,0,0.0,0.0,expert
1428,1542,0,0.0,0.0,expert
1429,1543,0,0.0,0.0,expert
1430,1544,0,0.0,0.0,expert
1431,1545,0,0.0,0.0,expert
1432,1546,0,0.0,0.0,expert
1433,1547,0,0.0,0.0,expert
1434,1548,0,0.0,0.0,expert
1435,1549,0,0.0,0.0,expert
1436,1550,0,0.0,0.0,expert
1437,1551,0,0.0,0.0,expert
1438,1552,0,0.0,0.0,expert
1439,1553,0,0.0,0.0,expert
1440,1554,0,0.0,0.0,expert
1441,1555,0,0.0,0.0,expert
1442,1556,0,0.0,0.0,expert
1443,1557,0,0.0,0.0,expert
1444,1558,0,0.0,0.0,expert
1445,1559,0,0.0,0.0,expert
1446,1560,0,0.0,0.0,expert
1447,1561,0,0.0,0.0,expert
1448,1562,0,0.0,0.0,expert
1449,1563,0,0.0,0.0,expert
1450,1564,0,0.0,0.0,expert
1451,1565,0,0.0,0.0,expert
1452,1566,0,0.0,0.0,expert
1453,1567,0,0.0,0.0,expert
1454,1568,0,0.0,0.0,expert
1455,1569,0,0.0,0.0,expert
1456,1570,0,0.0,0.0,expert
1457,1571,0,0.0,0.0,expert
1458,1572,0,0.0,0.0,expert
1459,1573,0,0.0,0.0,expert
1460,1574,0,0.0,0.0,expert
1461,1575,0,0.0,0.0,expert
1462,1576,0,0.0,0.0,expert
1463,1577,0,0.0,0.0,expert
1464,1578,0,0.0,0.0,expert
1465,1579,0,0.0,0.0,expert
1466,1580,0,0.0,0.0,expert
1467,1581,0,0.0,0.0,expert
1468,1582,0,0.0,0.0,expert
1469,1583,0,0.0,0.0,expert
1470,1584,0,0.0,0.0,expert
1471,1585,0,0.0,0.0,expert
1472,1586,0,0.0,0.0,expert
1473,1587,0,0.0,0.0,expert
1474,1588,0,0.0,0.0,expert
1475,1589,0,0.0,0.0,expert
1476,1590,0,0.0,0.0,expert
1477,1591,0,0.0,0.0,expert
1478,1592,0,0.0,0.0,expert
1479,1593,0,0.0,0.0,expert
1480,1594,0,0.0,0.0,expert
1481,1595,0,0.0,0.0,expert
1482,1596,0,0.0,0.0,expert
1483,1597,0,0.0,0.0,expert
1484,1598,0,0.0,0.0,expert
1485,1599,0,0.0,0.0,expert
1486,1600,0,0.0,0.0,expert
1487,1601,0,0.0,0.0,expert
1488,1602,0,0.0,0.0,expert
1489,1603,0,0.0,0.0,expert
1490,1604,0,0.0,0.0,expert
1491,1605,0,0.0,0.0,expert
1492,1606,0,0.0,0.0,expert
1493,1607,0,0.0,0.0,expert
1494,1608,0,0.0,0.0,expert
1495,1609,0,0.0,0.0,expert
1496,1610,0,0.0,0.0,expert
1497,1611,0,0.0,0.0,expert
1498,1612,0,0.0,0.0,expert
1499,1613,0,0.0,0.0,expert
1500,1614,0,0.0,0.0,expert
1501,1615,0,0.0,0.0,expert
1502,1616,0,0.0,0.0,expert
1503,1617,0,0.0,0.0,expert
1504,1618,0,0.0,0.0,expert
1505,1619,0,0.0,0.0,expert
1506,1620,0,0.0,0.0,expert
1507,1621,0,0.0,0.0,expert
1508,1622,0,0.0,0.0,expert
1509,1623,0,0.0,0.0,expert
1510,1624,0,0.0,0.0,expert
1511,1625,0,0.0,0.0,expert
1512,1626,0,0.0,0.0,expert
1513,1627,0,0.0,0.0,expert
1514,1628,0,0.0,0.0,expert
1515,1629,0,0.0,0.0,expert
1516,1630,0,0.0,0.0,expert
1517,1631,0,0.0,0.0,expert
1518,1632,0,0.0,0.0,expert
1519,1633,0,0.0,0.0,expert
1520,1634,0,0.0,0.0,expert
1521,1635,0,0.0,0.0,expert
1522,1636,0,0.0,0.0,expert
1523,1637,0,0.0,0.0,expert
1524,1638,0,0.0,0.0,expert
1525,1639,0,0.0,0.0,expert
1526,1640,0,0.0,0.0,expert
1527,1641,0,0.0,0.0,expert
1528,1642,0,0.0,0.0,expert
1529,1643,0,0.0,0.0,expert
1530,1644,0,0.0,0.0,expert
1531,1645,0,0.0,0.0,expert
1532,1646,0,0.0,0.0,expert
1533,1647,0,0.0,0.0,expert
1534,1648,0,0.0,0.0,expert
1535,1649,0,0.0,0.0,expert
1536,1650,0,0.0,0.0,expert
1537,1651,0,0.0,0.0,expert
1538,1652,0,0.0,0.0,expert
1539,1653,0,0.0,0.0,expert
1540,1654,0,0.0,0.0,expert
1541,1655,0,0.0,0.0,expert
1542,1656,0,0.0,0.0,expert
1543,1657,0,0.0,0.0,expert
1544,1658,0,0.0,0.0,expert
1545,1659,0,0.0,0.0,expert
1546,1660,0,0.0,0.0,expert
1547,1661,0,0.0,0.0,expert
1548,1662,0,0.0,0.0,expert
1549,1663,0,0.0,0.0,expert
1550,1664,0,0.0,0.0,expert
1551,1665,0,0.0,0.0,expert
1552,1666,0,0.0,0.0,expert
1553,1667,0,0.0,0.0,expert
1554,1668,0,0.0,0.0,expert
1555,1669,0,0.0,0.0,expert
1556,1670,0,0.0,0.0,expert
1557,1671,0,0.0,0.0,expert
1558,1672,0,0.0,0.0,expert
1559,1673,0,0.0,0.0,expert
1560,1674,0,0.0,0.0,expert
1561,1675,0,0.0,0.0,expert
1562,1676,0,0.0,0.0,expert
1563,1677,0,0.0,0.0,expert
1564,1678,0,0.0,0.0,expert
1565,1679,0,0.0,0.0,expert
1566,1680,0,0.0,0.0,expert
1567,1681,0,0.0,0.0,expert
1568,1682,0,0.0,0.0,expert
1569,1683,0,0.0,0.0,expert
1570,1684,0,0.0,0.0,expert
1571,1685,0,0.0,0.0,expert
1572,1686,0,0.0,0.0,expert
1573,1687,0,0.0,0.0,expert
1574,1688,0,0.0,0.0,expert
1575,1689,0,0.0,0.0,expert
1576,1690,0,0.0,0.0,expert
1577,1691,0,0.0,0.0,expert
1578,1692,0,0.0,0.0,expert
1579,1693,0,0.0,0.0,expert
1580,1694,0,0.0,0.0,expert
1581,1695,0,0.0,0.0,expert
1582,1696,0,0.0,0.0,expert
1583,1697,0,0.0,0.0,expert
1584,1698,0,0.0,0.0,expert
1585,1699,0,0.0,0.0,expert
1586,1700,0,0.0,0.0,expert
1587,1701,0,0.0,0.0,expert
1588,1702,0,0.0,0.0,expert
1589,1703,0,0.0,0.0,expert
1590,1704,0,0.0,0.0,expert
1591,1705,0,0.0,0.0,expert
1592,1706,0,0.0,0.0,expert
1593,1707,0,0.0,0.0,expert
1594,1708,0,0.0,0.0,expert
1595,1709,0,0.0,0.0,expert
1596,1710,0,0.0,0.0,expert
1597,1711,0,0.0,0.0,expert
1598,1712,0,0.0,0.0,expert
1599,1713,0,0.0,0.0,expert
1600,1714,0,0.0,0.0,expert
1601,1715,0,0.0,0.0,expert
1602,1716,0,0.0,0.0,expert
1603,1717,0,0.0,0.0,expert
1604,1718,0,0.0,0.0,expert
1605,1719,0,0.0,0.0,expert
1606,1720,0,0.0,0.0,expert
1607,1721,0,0.0,0.0,expert
1608,1722,0,0.0,0.0,expert
1609,1723,0,0.0,0.0,expert
1610,1724,0,0.0,0.0,expert
1611,1725,0,0.0,0.0,expert
1612,1727,0,0.0,0.0,expert
1613,1728,0,0.0,0.0,expert
1614,1729,0,0.0,0.0,expert
1615,1730,0,0.0,0.0,expert
1616,1731,0,0.0,0.0,expert
1617,1732,0,0.0,0.0,expert
1618,1733,0,0.0,0.0,expert
1619,1734,0,0.0,0.0,expert
1620,1735,0,0.0,0.0,expert
1621,1736,0,0.0,0.0,expert
1622,1737,0,0.0,0.0,expert
1623,1738,0,0.0,0.0,expert
1624,1739,0,0.0,0.0,expert
1625,1740,0,0.0,0.0,expert
1626,1741,0,0.0,0.0,expert
1627,1742,0,0.0,0.0,expert
1628,1743,0,0.0,0.0,expert
1629,1744,0,0.0,0.0,expert
1630,1745,0,0.0,0.0,expert
1631,1746,0,0.0,0.0,expert
1632,1747,0,0.0,0.0,expert
1633,1748,0,0.0,0.0,expert
1634,1749,0,0.0,0.0,expert
1635,1750,0,0.0,0.0,expert
1636,1751,0,0.0,0.0,expert
1637,1752,0,0.0,0.0,expert
1638,1753,0,0.0,0.0,expert
1639,1754,0,0.0,0.0,expert
1640,1755,0,0.0,0.0,expert
1641,1756,0,0.0,0.0,expert
1642,1757,0,0.0,0.0,expert
1643,1758,0,0.0,0.0,expert
1644,1759,0,0.0,0.0,expert
1645,1760,0,0.0,0.0,expert
1646,1761,0,0.0,0.0,expert
1647,1762,0,0.0,0.0,expert
1648,1763,0,0.0,0.0,expert
1649,1764,0,0.0,0.0,expert
1650,1765,0,0.0,0.0,expert
1651,1766,0,0.0,0.0,expert
1652,1767,0,0.0,0.0,expert
1653,1768,0,0.0,0.0,expert
1654,1769,0,0.0,0.0,expert
1655,1770,0,0.0,0.0,expert
1656,1771,0,0.0,0.0,expert
1657,1772,0,0.0,0.0,expert
1658,1773,0,0.0,0.0,expert
1659,1774,0,0.0,0.0,expert
1660,1775,0,0.0,0.0,expert
1661,1776,0,0.0,0.0,expert
1662,1777,0,0.0,0.0,expert
1663,1778,0,0.0,0.0,expert
1664,1779,0,0.0,0.0,expert
1665,1780,0,0.0,0.0,expert
1666,1781,0,0.0,0.0,expert
1667,1782,0,0.0,0.0,expert
1668,1783,0,0.0,0.0,expert
1669,1784,0,0.0,0.0,expert
1670,1785,0,0.0,0.0,expert
1671,1786,0,0.0,0.0,expert
1672,1787,0,0.0,0.0,expert
1673,1788,0,0.0,0.0,expert
1674,1789,0,0.0,0.0,expert
1675,1790,0,0.0,0.0,expert
1676,1791,0,0.0,0.0,expert
1677,1792,0,0.0,0.0,expert
1678,1793,0,0.0,0.0,expert
1679,1794,0,0.0,0.0,expert
1680,1795,0,0.0,0.0,expert
1681,1796,0,0.0,0.0,expert
1682,1797,0,0.0,0.0,expert
1683,1798,0,0.0,0.0,expert
1684,1799,0,0.0,0.0,expert
1685,1800,0,0.0,0.0,expert
1686,1801,0,0.0,0.0,expert
1687,1802,0,0.0,0.0,expert
1688,1803,0,0.0,0.0,expert
1689,1804,0,0.0,0.0,expert
1690,1805,0,0.0,0.0,expert
1691,1806,0,0.0,0.0,expert
1692,1807,0,0.0,0.0,expert
1693,1808,0,0.0,0.0,expert
1694,1809,0,0.0,0.0,expert
1695,1810,0,0.0,0.0,expert
1696,1811,0,0.0,0.0,expert
1697,1812,0,0.0,0.0,expert
1698,1813,0,0.0,0.0,expert
1699,1814,0,0.0,0.0,expert
1700,1815,0,0.0,0.0,expert
1701,1816,0,0.0,0.0,expert
1702,1817,0,0.0,0.0,expert
1703,1818,0,0.0,0.0,expert
1704,1819,0,0.0,0.0,expert
1705,1820,0,0.0,0.0,expert
1706,1821,0,0.0,0.0,expert
1707,1822,0,0.0,0.0,expert
1708,1823,0,0.0,0.0,expert
1709,1824,0,0.0,0.0,expert
1710,1825,0,0.0,0.0,expert
1711,1826,0,0.0,0.0,expert
1712,1827,0,0.0,0.0,expert
1713,1828,0,0.0,0.0,expert
1714,1829,0,0.0,0.0,expert
1715,1830,0,0.0,0.0,expert
1716,1831,0,0.0,0.0,expert
1717,1832,0,0.0,0.0,expert
1718,1833,0,0.0,0.0,expert
1719,1835,0,0.0,0.0,expert
1720,1836,0,0.0,0.0,expert
1721,1837,0,0.0,0.0,expert
1722,1838,0,0.0,0.0,expert
1723,1839,0,0.0,0.0,expert
1724,1840,0,0.0,0.0,expert
1725,1841,0,0.0,0.0,expert
1726,1842,0,0.0,0.0,expert
1727,1843,0,0.0,0.0,expert
1728,1844,0,0.0,0.0,expert
1729,1845,0,0.0,0.0,expert
1730,1846,0,0.0,0.0,expert
1731,1847,0,0.0,0.0,expert
1732,1848,0,0.0,0.0,expert
1733,1849,0,0.0,0.0,expert
1734,1850,0,0.0,0.0,expert
1735,1851,0,0.0,0.0,expert
1736,1852,0,0.0,0.0,expert
1737,1853,0,0.0,0.0,expert
1738,1854,0,0.0,0.0,expert
1739,1855,0,0.0,0.0,expert
1740,1856,0,0.0,0.0,expert
1741,1857,0,0.0,0.0,expert
1742,1858,0,0.0,0.0,expert
1743,1859,0,0.0,0.0,expert
1744,1860,0,0.0,0.0,expert
1745,1861,0,0.0,0.0,expert
1746,1862,0,0.0,0.0,expert
1747,1863,0,0.0,0.0,expert
1748,1864,0,0.0,0.0,expert
1749,1865,0,0.0,0.0,expert
1750,1866,0,0.0,0.0,expert
1751,1867,0,0.0,0.0,expert
1752,1868,0,0.0,0.0,expert
1753,1869,0,0.0,0.0,expert
1754,1870,0,0.0,0.0,expert
1755,1871,0,0.0,0.0,expert
1756,1872,0,0.0,0.0,expert
1757,1873,0,0.0,0.0,expert
1758,1874,0,0.0,0.0,expert
1759,1875,0,0.0,0.0,expert
1760,1876,0,0.0,0.0,expert
1761,1877,0,0.0,0.0,expert
1762,1878,0,0.0,0.0,expert
1763,1879,0,0.0,0.0,expert
1764,1880,0,0.0,0.0,expert
1765,1881,0,0.0,0.0,expert
1766,1882,0,0.0,0.0,expert
1767,1883,0,0.0,0.0,expert
1768,1884,0,0.0,0.0,expert
1769,1885,0,0.0,0.0,expert
1770,1886,0,0.0,0.0,expert
1771,1887,0,0.0,0.0,expert
1772,1888,0,0.0,0.0,expert
1773,1889,0,0.0,0.0,expert
1774,1890,0,0.0,0.0,expert
1775,1891,0,0.0,0.0,expert
1776,1892,0,0.0,0.0,expert
1777,1893,0,0.0,0.0,expert
1778,1894,0,0.0,0.0,expert
1779,1895,0,0.0,0.0,expert
1780,1896,0,0.0,0.0,expert
1781,1897,0,0.0,0.0,expert
1782,1898,0,0.0,0.0,expert
1783,1899,0,0.0,0.0,expert
1784,1900,0,0.0,0.0,expert
1785,1901,0,0.0,0.0,expert
1786,1902,0,0.0,0.0,expert
1787,1903,0,0.0,0.0,expert
1788,1904,0,0.0,0.0,expert
1789,1905,0,0.0,0.0,expert
1790,1906,0,0.0,0.0,expert
1791,1907,0,0.0,0.0,expert
1792,1908,0,0.0,0.0,expert
1793,1909,0,0.0,0.0,expert
1794,1910,0,0.0,0.0,expert
1795,1911,0,0.0,0.0,expert
1796,1912,0,0.0,0.0,expert
1797,1913,0,0.0,0.0,expert
1798,1914,0,0.0,0.0,expert
1799,1915,0,0.0,0.0,expert
1800,1916,0,0.0,0.0,expert
1801,1917,0,0.0,0.0,expert
1802,1918,0,0.0,0.0,expert
1803,1919,0,0.0,0.0,expert
1804,1920,0,0.0,0.0,expert
1805,1921,0,0.0,0.0,expert
1806,1922,0,0.0,0.0,expert
1807,1923,0,0.0,0.0,expert
1808,1924,0,0.0,0.0,expert
1809,1925,0,0.0,0.0,expert
1810,1926,0,0.0,0.0,expert
1811,1927,0,0.0,0.0,expert
1812,1928,0,0.0,0.0,expert
1813,1929,0,0.0,0.0,expert
1814,1930,0,0.0,0.0,expert
1815,1931,0,0.0,0.0,expert
1816,1932,0,0.0,0.0,expert
1817,1933,0,0.0,0.0,expert
1818,1934,0,0.0,0.0,expert
1819,1935,0,0.0,0.0,expert
1820,1936,0,0.0,0.0,expert
1821,1937,0,0.0,0.0,expert
1822,1938,0,0.0,0.0,expert
1823,1939,0,0.0,0.0,expert
1824,1940,0,0.0,0.0,expert
1825,1941,0,0.0,0.0,expert
1826,1942,0,0.0,0.0,expert
1827,1943,0,0.0,0.0,expert
1828,1944,0,0.0,0.0,expert
1829,1945,0,0.0,0.0,expert
1830,1946,0,0.0,0.0,expert
1831,1947,0,0.0,0.0,expert
1832,1948,0,0.0,0.0,expert
1833,1949,0,0.0,0.0,expert
1834,1950,0,0.0,0.0,expert
1835,1951,0,0.0,0.0,expert
1836,1952,0,0.0,0.0,expert
1837,1953,0,0.0,0.0,expert
1838,1954,0,0.0,0.0,expert
1839,1955,0,0.0,0.0,expert
1840,1956,0,0.0,0.0,expert
1841,1957,0,0.0,0.0,expert
1842,1958,0,0.0,0.0,expert
1843,1959,0,0.0,0.0,expert
1844,1960,0,0.0,0.0,expert
1845,1961,0,0.0,0.0,expert
1846,1962,0,0.0,0.0,expert
1847,1963,0,0.0,0.0,expert
1848,1964,0,0.0,0.0,expert
1849,1965,0,0.0,0.0,expert
1850,1966,0,0.0,0.0,expert
1851,1967,0,0.0,0.0,expert
1852,1968,0,0.0,0.0,expert
1853,1969,0,0.0,0.0,expert
1854,1970,0,0.0,0.0,expert
1855,1971,0,0.0,0.0,expert
1856,1972,0,0.0,0.0,expert
1857,1973,0,0.0,0.0,expert
1858,1974,0,0.0,0.0,expert
1859,1975,0,0.0,0.0,expert
1860,1976,0,0.0,0.0,expert
1861,1977,0,0.0,0.0,expert
1862,1978,0,0.0,0.0,expert
1863,1979,0,0.0,0.0,expert
1864,1980,0,0.0,0.0,expert
1865,1981,0,0.0,0.0,expert
1866,1982,0,0.0,0.0,expert
1867,1983,0,0.0,0.0,expert
1868,1984,0,0.0,0.0,expert
1869,1985,0,0.0,0.0,expert
1870,1986,0,0.0,0.0,expert
1871,1987,0,0.0,0.0,expert
1872,1988,0,0.0,0.0,expert
1873,1989,0,0.0,0.0,expert
1874,1990,0,0.0,0.0,expert
1875,1991,0,0.0,0.0,expert
1876,1992,0,0.0,0.0,expert
1877,1993,0,0.0,0.0,expert
1878,1994,0,0.0,0.0,expert
1879,1995,0,0.0,0.0,expert
1880,1996,0,0.0,0.0,expert
1881,1997,0,0.0,0.0,expert
1882,1998,0,0.0,0.0,expert
1883,1999,0,0.0,0.0,expert
1884,2000,0,0.0,0.0,expert
1885,2001,0,0.0,0.0,expert
1886,2002,0,0.0,0.0,expert
1887,2003,0,0.0,0.0,expert
1888,2004,0,0.0,0.0,expert
1889,2005,0,0.0,0.0,expert
1890,2006,0,0.0,0.0,expert
1891,2007,0,0.0,0.0,expert
1892,2008,0,0.0,0.0,expert
1893,2009,0,0.0,0.0,expert
1894,2010,0,0.0,0.0,expert
1895,2011,0,0.0,0.0,expert
1896,2012,0,0.0,0.0,expert
1897,2013,0,0.0,0.0,expert
1898,2014,0,0.0,0.0,expert
1899,2015,0,0.0,0.0,expert
1900,2016,0,0.0,0.0,expert
1901,2017,0,0.0,0.0,expert
1902,2018,0,0.0,0.0,expert
1903,2019,0,0.0,0.0,expert
1904,2020,0,0.0,0.0,expert
1905,2021,0,0.0,0.0,expert
1906,2022,0,0.0,0.0,expert
1907,2023,0,0.0,0.0,expert
1908,2024,0,0.0,0.0,expert
1909,2025,0,0.0,0.0,expert
1910,2026,0,0.0,0.0,expert
1911,2027,0,0.0,0.0,expert
1912,2028,0,0.0,0.0,expert
1913,2029,0,0.0,0.0,expert
1914,2030,0,0.0,0.0,expert
1915,2031,0,0.0,0.0,expert
1916,2032,0,0.0,0.0,expert
1917,2033,0,0.0,0.0,expert
1918,2034,0,0.0,0.0,expert
1919,2035,0,0.0,0.0,expert
1920,2036,0,0.0,0.0,expert
1921,2037,0,0.0,0.0,expert
1922,2038,0,0.0,0.0,expert
1923,2039,0,0.0,0.0,expert
1924,2040,0,0.0,0.0,expert
1925,2041,0,0.0,0.0,expert
1926,2043,0,0.0,0.0,expert
1927,2044,0,0.0,0.0,expert
1928,2045,0,0.0,0.0,expert
1929,2046,0,0.0,0.0,expert
1930,2047,0,0.0,0.0,expert
1931,2048,0,0.0,0.0,expert
1932,2049,0,0.0,0.0,expert
1933,2050,0,0.0,0.0,expert
1934,2051,0,0.0,0.0,expert
1935,2052,0,0.0,0.0,expert
1936,2053,0,0.0,0.0,expert
1937,2054,0,0.0,0.0,expert
1938,2055,0,0.0,0.0,expert
1939,2056,0,0.0,0.0,expert
1940,2057,0,0.0,0.0,expert
1941,2058,0,0.0,0.0,expert
1942,2059,0,0.0,0.0,expert
1943,2060,0,0.0,0.0,expert
1944,2061,0,0.0,0.0,expert
1945,2062,0,0.0,0.0,expert
1946,2063,0,0.0,0.0,expert
1947,2064,0,0.0,0.0,expert
1948,2065,0,0.0,0.0,expert
1949,2066,0,0.0,0.0,expert
1950,2067,0,0.0,0.0,expert
1951,2068,0,0.0,0.0,expert
1952,2069,0,0.0,0.0,expert
1953,2070,0,0.0,0.0,expert
1954,2071,0,0.0,0.0,expert
1955,2072,0,0.0,0.0,expert
1956,2073,0,0.0,0.0,expert
1957,2074,0,0.0,0.0,expert
1958,2075,0,0.0,0.0,expert
1959,2076,0,0.0,0.0,expert
1960,2077,0,0.0,0.0,expert
1961,2078,0,0.0,0.0,expert
1962,2079,0,0.0,0.0,expert
1963,2080,0,0.0,0.0,expert
1964,2081,0,0.0,0.0,expert
1965,2082,0,0.0,0.0,expert
1966,2083,0,0.0,0.0,expert
1967,2084,0,0.0,0.0,expert
1968,2085,0,0.0,0.0,expert
1969,2086,0,0.0,0.0,expert
1970,2087,0,0.0,0.0,expert
1971,2088,0,0.0,0.0,expert
1972,2089,0,0.0,0.0,expert
1973,2090,0,0.0,0.0,expert
1974,2091,0,0.0,0.0,expert
1975,2092,0,0.0,0.0,expert
1976,2093,0,0.0,0.0,expert
1977,2094,0,0.0,0.0,expert
1978,2095,0,0.0,0.0,expert
1979,2096,0,0.0,0.0,expert
1980,2097,0,0.0,0.0,expert
1981,2098,0,0.0,0.0,expert
1982,2099,0,0.0,0.0,expert
1983,2100,0,0.0,0.0,expert
1984,2101,0,0.0,0.0,expert
1985,2102,0,0.0,0.0,expert
1986,2103,0,0.0,0.0,expert
1987,2104,0,0.0,0.0,expert
1988,2105,0,0.0,0.0,expert
1989,2106,0,0.0,0.0,expert
1990,2108,0,0.0,0.0,expert
1991,2109,0,0.0,0.0,expert
1992,2110,0,0.0,0.0,expert
1993,2111,0,0.0,0.0,expert
1994,2112,0,0.0,0.0,expert
1995,2113,0,0.0,0.0,expert
1996,2114,0,0.0,0.0,expert
1997,2115,0,0.0,0.0,expert
1998,2116,0,0.0,0.0,expert
1999,2117,0,0.0,0.0,expert
2000,2118,0,0.0,0.0,expert
